name_video,total_frame
1-30-1280x720.mp4,10355
10-60-1280x720.mp4,2501
100-29-1080x1920.mp4,2639
101-30-1080x1920.mp4,5153
102-30-640x360.mp4,2983
102.avi,4777
103-30-384x480.mp4,771
103.avi,26617
104-17-720x480.mp4,2425
105-30-1280x720.mp4,1501
105.avi,10076
106-30-720x1280.mp4,1404
106.avi,8163
107-30-640x480.mp4,73
107.avi,5315
108-15-640x480.mp4,478
108.avi,4678
109-30-1280x720.mp4,1045
11-24-1920x1080.mp4,5389
110-30-270x480.mp4,9978
110.avi,5504
111-25-1920x1080.mp4,771
111.avi,7246
112-30-640x360.mp4,6002
112.avi,5915
113-60-1280x720.mp4,4022
113.avi,15020
114-30-1280x720.mp4,3662
114.avi,2449
115-30-1280x720.mp4,4081
116-30-1280x720.mp4,6183
116.avi,2517
117-25-1920x1080.mp4,4081
117.avi,5465
118-30-640x480.mp4,2420
118.avi,587
119-30-848x480.mp4,1651
119.avi,4576
12-24-1920x1080.mp4,5685
120-30-1280x720.mp4,15041
120.avi,3591
121-24-1920x1080.mp4,10628
121.avi,4413
122-60-1920x1080-1.mp4,7862
122-60-1920x1080-2.mp4,7172
122-60-1920x1080-3.mp4,9243
122-60-1920x1080-4.mp4,7683
122-60-1920x1080-5.mp4,12065
122.avi,4127
123-25-1920x1080.mp4,27241
123.avi,9776
124-30-720x1280.mp4,10494
125-25-1280x720.mp4,6841
125.avi,4365
126-30-1080x1920.mp4,4594
126.avi,6286
127-30-1280x720.mp4,2213
127.avi,8123
128-24-1920x1080.mp4,3812
128.avi,6286
129-24-1280x720.mp4,6153
129.avi,9013
13-30-1920x1080.mp4,7399
130-25-1280x720.mp4,8461
130.avi,4001
131-30-1920x1080.mp4,8012
131.avi,4777
132-30-426x240.mp4,992
132.avi,5659
133-30-1280x720.mp4,2403
133.avi,460
134-30-1280x720.mp4,3875
134.avi,1789
135-24-1920x1080.mp4,9423
135.avi,3591
136-30-1920x1080.mp4,7529
136.avi,4487
137-30-1920x1080.mp4,8552
137.avi,4786
138-30-1280x720.mp4,3331
138.avi,5583
139-14-720x480.mp4,10013
139.avi,8165
14-30-1920x1080.mp4,5310
140-30-632x360.mp4,6754
140.avi,4582
141.avi,4405
143.avi,10102
144.avi,15605
146.avi,4850
147.avi,19694
148.avi,18144
149.avi,15658
15-24-1920x1080.mp4,3592
150.avi,13015
151.avi,964
153.avi,3677
154.avi,3362
155.avi,3113
156.avi,4925
157.avi,2604
158.avi,3031
159.avi,3458
16-30-1920x1080.mp4,5473
160.avi,837
161.avi,1728
162.avi,7934
163.avi,3937
164.avi,7043
165.avi,4567
166.avi,4514
167.avi,4717
168.avi,2978
169.avi,2862
17-24-1920x1080.mp4,5787
171.avi,3976
172.avi,11644
175.avi,2502
176.avi,6415
177.avi,3126
178.avi,5840
179.avi,4450
18-24-1920x1080.mp4,4830
181.avi,5861
182.avi,4355
183.avi,2769
184.avi,3790
185.avi,4052
186.avi,4165
187.avi,4404
188.avi,5986
189.avi,3854
19-24-1920x1080.mp4,6633
190.avi,5426
191.avi,5248
192.avi,3598
193.avi,3983
194.avi,4536
195.avi,6117
196.avi,5453
197.avi,1869
198.avi,2284
199.avi,2917
2-30-640x360.mp4,19352
20-24-1920x1080.mp4,5274
200.avi,5039
201.mp4,1360
202.mp4,940
203.mp4,3964
204.mp4,5925
206.mp4,4476
207.mp4,3038
208.mp4,5159
209.mp4,2856
21-24-1920x1080.mp4,5230
210.mp4,3238
211.mp4,2162
212.mp4,4562
213.mp4,6397
214.mp4,2555
215.mp4,3409
216.mp4,457
218.mp4,3849
219.mp4,3891
22-30-1920x1080.mp4,5335
220.mp4,5025
221.mp4,5124
223.mp4,2797
224.mp4,2233
225.mp4,1462
226.mp4,4096
227.mp4,4417
228.mp4,2155
229.mp4,3562
23-24-1920x1080.mp4,5411
230.mp4,3970
231.mp4,4207
232.mp4,2372
233.mp4,4479
234.mp4,2919
235.mp4,3682
236.mp4,3673
237.mp4,5434
238.mp4,3012
239.mp4,1964
24-30-1920x1080-1.mp4,1912
24-30-1920x1080-2.mp4,4172
240.mp4,6791
241.mp4,3512
242.mp4,7010
243.mp4,4120
244.mp4,2321
245.mp4,2530
246.mp4,1345
247.mp4,2270
248.mp4,2267
249.mp4,2621
25-25-600x480.mp4,5743
250.mp4,2928
251.mp4,2106
252.mp4,2756
253.mp4,2276
254.mp4,3386
255.mp4,1691
256.mp4,3336
257.mp4,4388
258.mp4,1464
259.mp4,2393
26-60-1280x720.mp4,2065
260.mp4,2404
261.mp4,2866
262.mp4,4753
264.mp4,4744
265.mp4,6719
266.mp4,2465
267.mp4,3841
268.mp4,4366
269.mp4,4697
27-60-1280x720.mp4,2932
270.mp4,3937
271.mp4,2223
272.mp4,3333
273.mp4,4619
274.mp4,3526
275.mp4,2447
276.mp4,1583
277.mp4,5171
278.mp4,4286
279.mp4,2212
28-30-1280x720-1.mp4,262
28-30-1280x720-2.mp4,396
28-30-1280x720-3.mp4,276
28-30-1280x720-4.mp4,276
280.mp4,3945
281.mp4,7011
282.mp4,3614
283.mp4,4768
284.mp4,4054
285.mp4,2988
286.mp4,2677
287.mp4,1272
288.mp4,3199
289.mp4,4203
29-24-1280x720.mp4,3683
290.mp4,3162
291.mp4,1830
292.mp4,4703
293.mp4,2110
294.mp4,3288
295.mp4,3769
296.mp4,6486
297.mp4,3288
298.mp4,2836
299.mp4,2336
3-25-1920x1080.mp4,6188
30-30-1920x1080.mp4,3062
303.mp4,3950
304.mp4,2693
305.mp4,4578
306.mp4,2296
307.mp4,3310
308.mp4,4651
309.mp4,2498
31-30-1920x1080.mp4,4722
311.mp4,1930
312.mp4,5109
313.mp4,3139
314.mp4,2260
315.mp4,3937
317.mp4,1685
318.mp4,4107
319.mp4,2137
32-60-1920x1080.mp4,4459
320.mp4,4738
321.mp4,3555
322.mp4,2428
323.mp4,2936
324.mp4,5614
325.mp4,3222
326.mp4,4717
327.mp4,4156
328.mp4,2714
329.mp4,5086
33-30-1920x1080.mp4,10806
330.mp4,4568
331.mp4,2954
332.mp4,4665
334.mp4,3398
335.mp4,3278
336.mp4,4344
337.mp4,2806
339.mp4,4632
34-25-1920x1080.mp4,7757
341.mp4,3096
344.mp4,4263
345.mp4,2344
346.mp4,5693
347.mp4,2924
348.mp4,4444
349.mp4,4054
35-30-1920x1080.mp4,20807
350.mp4,2015
353.mp4,2856
354.mp4,5389
355.mp4,1631
357.mp4,1373
358.mp4,324
359.mp4,3861
36-24-1280x720.mp4,5260
360.mp4,3509
361.mp4,4602
362.mp4,4912
363.mp4,3240
364.mp4,3318
365.mp4,1067
367.mp4,4169
368.mp4,2929
369.mp4,4438
37-30-1280x720.mp4,2706
370.mp4,1939
371.mp4,680
372.mp4,2042
373.mp4,2704
374.mp4,1212
375.mp4,2957
376.mp4,3569
377.mp4,3444
378.mp4,3480
38-30-1920x1080.mp4,2431
380.mp4,2375
381.mp4,1265
382.mp4,2713
383.mp4,2554
384.mp4,3451
385.mp4,2976
386.mp4,1751
387.mp4,2911
388.mp4,4158
389.mp4,4556
39-25-424x240.mp4,4590
391.mp4,3583
392.mp4,3550
393.mp4,4916
394.mp4,2335
395.mp4,5153
398.mp4,3269
399.mp4,5199
4-30-1920x1080.mp4,8260
40-30-1280x720.mp4,9659
400.mp4,2640
402.mp4,4422
403.mp4,2165
406.mp4,3066
407.mp4,3817
408.mp4,2978
409.mp4,3608
41-24-1280x720.mp4,6160
412.mp4,1473
415.mp4,2903
416.mp4,6511
418.mp4,2906
419.mp4,6963
42-30-480x480.mp4,1394
420.mp4,3150
421.mp4,3615
423.mp4,5265
424.mp4,4432
425.mp4,5070
426.mp4,2779
427.mp4,1222
428.mp4,3229
429.mp4,1673
43-30-406x720.mp4,2873
430.mp4,1834
433.mp4,4310
434.mp4,5232
435.mp4,1950
439.mp4,2308
44-25-426x240.mp4,300
440.mp4,2520
441.mp4,2701
446.mp4,2248
447.mp4,3993
448.mp4,4157
449.mp4,3552
45-24-1280x720.mp4,6081
450.mp4,9907
46-30-484x360.mp4,2944
47-30-654x480.mp4,4033
48-30-720x1280.mp4,1592
49-30-1280x720.mp4,847
5-60-1920x1080-1.mp4,6153
5-60-1920x1080-2.mp4,6213
5-60-1920x1080-3.mp4,6333
5-60-1920x1080-4.mp4,4892
50-30-1920x1080.mp4,2699
51-30-1280x720.mp4,2499
52-30-1280x720.mp4,1924
53-30-360x480.mp4,1052
54-30-1080x1920.mp4,6445
55-25-1280x720.mp4,1505
56-30-1080x1920.mp4,4300
57-25-426x240.mp4,300
58-30-640x480.mp4,2876
59-30-1280x720.mp4,7741
6-30-1920x1080.mp4,7985
60-30-1920x1080.mp4,4564
61-24-1920x1080.mp4,9156
62-30-654x480.mp4,12033
63-30-1920x1080.mp4,2412
64-24-640x360.mp4,4918
65-30-400x228.mp4,6667
66-25-1080x1920.mp4,2913
67-24-640x360.mp4,3461
68-24-1920x1080.mp4,7189
69-25-854x480.mp4,18781
7-60-1920x1080.mp4,23148
70-30-720x1280.mp4,2783
71-30-1920x1080.mp4,8001
72-30-1280x720.mp4,7571
74-25-1920x1080.mp4,5041
75-30-960x720.mp4,1953
76-30-640x280.mp4,1773
77-30-1280x720.mp4,5672
78-30-960x720.mp4,4442
79-30-960x720.mp4,2494
8-30-1280x720.mp4,9113
80-30-320x240.mp4,5673
81-30-576x360.mp4,3603
82-25-854x480.mp4,5402
83-24-1920x1080.mp4,5343
84-30-1920x1080.mp4,2583
85-24-1280x720.mp4,2664
86-24-1920x1080.mp4,4995
87-25-1920x1080.mp4,1802
88-30-360x480.mp4,3722
89-30-1080x1920.mp4,630
9-15-1920x1080.mp4,47434
90-30-1080x1920.mp4,7413
91-30-1920x1080.mp4,10921
92-24-1920x1080.mp4,8163
93-24-640x360.mp4,2581
94-30-1920x1080.mp4,2101
95-24-1920x1080.mp4,2883
96-30-1280x720.mp4,5603
97-29-1920x1080.mp4,3366
98-30-360x360.mp4,6645
99-30-720x720.mp4,1800
video1.mp4,14587
video10_1.mp4,4256
video11.mp4,4379
video12.mp4,5579
video13.mp4,10566
video14.mp4,7585
video15.mp4,4287
video16.mp4,12486
video17.mp4,21937
video18.mp4,3783
video19.mp4,784
video2.mp4,2064
video20.mp4,11271
video21.mp4,6808
video22.mp4,10469
video23.mp4,8789
video24.mp4,5204
video25.mp4,3644
video26.mp4,11020
video27.mp4,16418
video28.mp4,8727
video29.mp4,11259
video3.mp4,7801
video30.mp4,8217
video32.mp4,2775
video33.mp4,7553
video34.mp4,10281
video35.mp4,3567
video36.mp4,2424
video37.mp4,9186
video38.mp4,2944
video39.mp4,10678
video4.mp4,1550
video40.mp4,5876
video41.mp4,3494
video42.mp4,9226
video44.mp4,7785
video45_1.mp4,812
video45_2.mp4,1095
video45_3.mp4,294
video45_4.mp4,1038
video45_5.mp4,414
video45_6.mp4,308
video45_7.mp4,179
video46.mp4,3172
video47.mp4,820
video48.mp4,2542
video49.mp4,6121
video5.mp4,2468
video51.mp4,4407
video52.mp4,10679
video53.mp4,7979
video54.mp4,3591
video55.mp4,8419
video56.mp4,10695
video57.mp4,8379
video58.mp4,303
video59.mp4,6702
video6.mp4,5324
video60.mp4,1919
video61.mp4,116
video62.mp4,5579
video63.mp4,274
video64.mp4,6100
video65.mp4,4571
video66.mp4,154
video67.mp4,1849
video69.mp4,8622
video7.mp4,3377
video70.mp4,11868
video71.mp4,11204
video72.mp4,128
video73.mp4,5951
video74.mp4,18189
video75.mp4,640
video76.mp4,4274
video77.mp4,3004
video78.mp4,419
video79.mp4,4097
video8.mp4,5367
video80.mp4,419
video81.mp4,8433
video82.mp4,10671
video83.mp4,2702
video84.mp4,525
video85.mp4,7946
video86_1.mp4,1771
video86_2.mp4,886
video86_3.mp4,402
video87.mp4,1822
video88.mp4,8850
video89.mp4,2241
video9.mp4,3794
video90.mp4,3570
video91.mp4,710
video92.mp4,2553
video93.mp4,443
video94.mp4,696
video95.mp4,10855
video96.mp4,8046
